[{"id":"6281575886399@s.whatsapp.net","ikan":1,"ayam":1,"kelinci":6,"domba":0,"sapi":0,"gajah":2},{"id":"6285878313791@s.whatsapp.net","ikan":21,"ayam":27,"kelinci":25,"domba":13,"sapi":7,"gajah":5},{"id":"6289522289567@s.whatsapp.net","ikan":0,"ayam":0,"kelinci":0,"domba":0,"sapi":0,"gajah":0},{"id":"628816706020@s.whatsapp.net","ikan":0,"ayam":0,"kelinci":0,"domba":0,"sapi":0,"gajah":0},{"id":"62882007667287@s.whatsapp.net","ikan":0,"ayam":0,"kelinci":0,"domba":0,"sapi":0,"gajah":0},{"id":"6289519314347@s.whatsapp.net","ikan":0,"ayam":0,"kelinci":0,"domba":0,"sapi":0,"gajah":0}]