[{"id":"6281575886399@s.whatsapp.net","besi":17,"gold":10,"emerald":7,"umpan":5,"potion":1},{"id":"6289522289567@s.whatsapp.net","besi":15,"gold":10,"emerald":5,"umpan":5,"potion":1},{"id":"628816706020@s.whatsapp.net","besi":15,"gold":10,"emerald":5,"umpan":5,"potion":1},{"id":"62882007667287@s.whatsapp.net","besi":15,"gold":10,"emerald":5,"umpan":5,"potion":1},{"id":"6289519314347@s.whatsapp.net","besi":15,"gold":10,"emerald":5,"umpan":5,"potion":1},{"id":"6285878313791@s.whatsapp.net","besi":20,"gold":10,"emerald":5,"umpan":5,"potion":1}]